method,run,iteration,train_episode_returns
vpd_simhash,0.0,0.0,190.7578558225508
vpd_simhash,0.0,1.0,481.8897637795276
vpd_simhash,0.0,2.0,791.4746543778801
vpd_simhash,0.0,3.0,2469.1629955947137
vpd_simhash,0.0,4.0,5680.487804878048
vpd_simhash,0.0,5.0,7411.111111111111
vpd_simhash,0.0,6.0,9162.19512195122
vpd_simhash,0.0,7.0,10651.25
vpd_simhash,0.0,8.0,10712.048192771084
vpd_simhash,0.0,9.0,11092.592592592591
vpd_simhash,0.0,10.0,11872.368421052632
vpd_simhash,0.0,11.0,12226.027397260274
vpd_simhash,0.0,12.0,13042.857142857143
vpd_simhash,0.0,13.0,12854.929577464787
vpd_simhash,0.0,14.0,11505.128205128203
vpd_simhash,0.0,15.0,11814.473684210529
vpd_simhash,0.0,16.0,13382.608695652174
vpd_simhash,0.0,17.0,12876.05633802817
vpd_simhash,0.0,18.0,11424.050632911392
vpd_simhash,0.0,19.0,12412.162162162162
vpd_simhash,0.0,20.0,12272.0
vpd_simhash,0.0,21.0,13338.57142857143
vpd_simhash,0.0,22.0,12006.578947368422
vpd_simhash,0.0,23.0,12119.736842105263
vpd_simhash,0.0,24.0,11275.60975609756
vpd_simhash,0.0,25.0,12542.666666666666
vpd_simhash,0.0,26.0,12357.894736842103
vpd_simhash,0.0,27.0,11518.75
vpd_simhash,0.0,28.0,10867.857142857143
vpd_simhash,0.0,29.0,11380.487804878048
vpd_simhash,0.0,30.0,11580.0
vpd_simhash,0.0,31.0,11676.25
vpd_simhash,0.0,32.0,11837.974683544304
vpd_simhash,0.0,33.0,12032.467532467532
vpd_simhash,0.0,34.0,12381.333333333334
vpd_simhash,0.0,35.0,12768.493150684932
vpd_simhash,0.0,36.0,12569.333333333334
vpd_simhash,0.0,37.0,12682.432432432432
vpd_simhash,0.0,38.0,12551.351351351352
vpd_simhash,0.0,39.0,13037.5
vpd_simhash,0.0,40.0,13608.57142857143
vpd_simhash,0.0,41.0,13425.714285714286
vpd_simhash,0.0,42.0,13480.0
vpd_simhash,0.0,43.0,13425.352112676055
vpd_simhash,0.0,44.0,13154.166666666666
vpd_simhash,0.0,45.0,12797.297297297297
vpd_simhash,0.0,46.0,12783.783783783783
vpd_simhash,0.0,47.0,11960.25641025641
vpd_simhash,0.0,48.0,12123.376623376624
vpd_simhash,0.0,49.0,13002.777777777776
vpd_simhash,0.0,50.0,12786.301369863011
vpd_simhash,0.0,51.0,13079.166666666666
vpd_simhash,0.0,52.0,13986.764705882351
vpd_simhash,0.0,53.0,13601.42857142857
vpd_simhash,0.0,54.0,11884.615384615385
vpd_simhash,0.0,55.0,12272.368421052632
vpd_simhash,0.0,56.0,13045.833333333334
vpd_simhash,0.0,57.0,12348.0
vpd_simhash,0.0,58.0,12802.739726027396
vpd_simhash,0.0,59.0,12694.594594594597
vpd_simhash,0.0,60.0,12460.0
vpd_simhash,0.0,61.0,13166.666666666666
vpd_simhash,0.0,62.0,12941.09589041096
vpd_simhash,0.0,63.0,12456.0
vpd_simhash,0.0,64.0,12192.207792207791
vpd_simhash,0.0,65.0,13056.944444444443
vpd_simhash,0.0,66.0,12196.103896103896
vpd_simhash,0.0,67.0,12469.736842105263
vpd_simhash,0.0,68.0,12672.0
vpd_simhash,0.0,69.0,12824.324324324323
vpd_simhash,0.0,70.0,13143.055555555557
vpd_simhash,0.0,71.0,13440.277777777776
vpd_simhash,0.0,72.0,13625.352112676055
vpd_simhash,0.0,73.0,13772.857142857143
vpd_simhash,0.0,74.0,13505.6338028169
vpd_simhash,0.0,75.0,13100.0
vpd_simhash,0.0,76.0,13183.561643835616
vpd_simhash,0.0,77.0,13622.535211267606
vpd_simhash,0.0,78.0,13984.057971014492
vpd_simhash,0.0,79.0,13908.695652173914
vpd_simhash,0.0,80.0,13581.69014084507
vpd_simhash,0.0,81.0,13515.49295774648
vpd_simhash,0.0,82.0,13875.36231884058
vpd_simhash,0.0,83.0,14225.0
vpd_simhash,0.0,84.0,13090.410958904107
vpd_simhash,0.0,85.0,13583.098591549297
vpd_simhash,0.0,86.0,13695.714285714286
vpd_simhash,0.0,87.0,13238.888888888889
vpd_simhash,0.0,88.0,13291.666666666666
vpd_simhash,0.0,89.0,13717.142857142857
vpd_simhash,0.0,90.0,12961.643835616438
vpd_simhash,0.0,91.0,13557.74647887324
vpd_simhash,0.0,92.0,13777.142857142857
vpd_simhash,0.0,93.0,13625.714285714286
vpd_simhash,0.0,94.0,13641.42857142857
vpd_simhash,0.0,95.0,13569.014084507042
vpd_simhash,0.0,96.0,13426.76056338028
vpd_simhash,0.0,97.0,13256.944444444443
vpd_simhash,0.0,98.0,13821.42857142857
vpd_simhash,0.0,99.0,13646.478873239435
vpd_simhash,1.0,0.0,18.711656441717796
vpd_simhash,1.0,1.0,207.6190476190476
vpd_simhash,1.0,2.0,537.5968992248062
vpd_simhash,1.0,3.0,642.4489795918367
vpd_simhash,1.0,4.0,2263.983050847457
vpd_simhash,1.0,5.0,6036.283185840708
vpd_simhash,1.0,6.0,6122.608695652174
vpd_simhash,1.0,7.0,6173.504273504273
vpd_simhash,1.0,8.0,7718.0
vpd_simhash,1.0,9.0,9378.888888888889
vpd_simhash,1.0,10.0,8129.807692307692
vpd_simhash,1.0,11.0,11487.341772151898
vpd_simhash,1.0,12.0,12443.243243243243
vpd_simhash,1.0,13.0,12720.54794520548
vpd_simhash,1.0,14.0,12780.555555555557
vpd_simhash,1.0,15.0,12935.211267605631
vpd_simhash,1.0,16.0,10935.365853658535
vpd_simhash,1.0,17.0,11071.951219512195
vpd_simhash,1.0,18.0,9955.434782608696
vpd_simhash,1.0,19.0,9740.860215053764
vpd_simhash,1.0,20.0,9865.591397849465
vpd_simhash,1.0,21.0,10026.08695652174
vpd_simhash,1.0,22.0,10267.777777777776
vpd_simhash,1.0,23.0,10394.38202247191
vpd_simhash,1.0,24.0,10612.64367816092
vpd_simhash,1.0,25.0,10515.90909090909
vpd_simhash,1.0,26.0,10026.08695652174
vpd_simhash,1.0,27.0,10253.846153846154
vpd_simhash,1.0,28.0,10349.438202247193
vpd_simhash,1.0,29.0,10202.222222222224
vpd_simhash,1.0,30.0,10561.363636363636
vpd_simhash,1.0,31.0,10437.078651685391
vpd_simhash,1.0,32.0,11404.878048780489
vpd_simhash,1.0,33.0,10545.454545454546
vpd_simhash,1.0,34.0,10945.882352941177
vpd_simhash,1.0,35.0,11052.941176470587
vpd_simhash,1.0,36.0,11680.246913580248
vpd_simhash,1.0,37.0,11356.09756097561
vpd_simhash,1.0,38.0,11931.645569620254
vpd_simhash,1.0,39.0,13308.450704225352
vpd_simhash,1.0,40.0,12373.684210526317
vpd_simhash,1.0,41.0,12702.702702702703
vpd_simhash,1.0,42.0,12529.333333333334
vpd_simhash,1.0,43.0,11388.888888888889
vpd_simhash,1.0,44.0,10963.529411764706
vpd_simhash,1.0,45.0,11964.102564102564
vpd_simhash,1.0,46.0,12368.421052631578
vpd_simhash,1.0,47.0,13665.714285714286
vpd_simhash,1.0,48.0,13528.169014084508
vpd_simhash,1.0,49.0,13631.42857142857
vpd_simhash,1.0,50.0,14066.176470588236
vpd_simhash,1.0,51.0,14079.411764705885
vpd_simhash,1.0,52.0,13748.57142857143
vpd_simhash,1.0,53.0,13737.142857142857
vpd_simhash,1.0,54.0,13548.57142857143
vpd_simhash,1.0,55.0,14201.470588235294
vpd_simhash,1.0,56.0,13931.884057971014
vpd_simhash,1.0,57.0,14011.764705882351
vpd_simhash,1.0,58.0,14026.470588235294
vpd_simhash,1.0,59.0,13551.42857142857
vpd_simhash,1.0,60.0,13789.855072463768
vpd_simhash,1.0,61.0,13784.057971014492
vpd_simhash,1.0,62.0,13769.565217391304
vpd_simhash,1.0,63.0,13943.478260869566
vpd_simhash,1.0,64.0,13949.27536231884
vpd_simhash,1.0,65.0,13674.285714285714
vpd_simhash,1.0,66.0,13625.714285714286
vpd_simhash,1.0,67.0,14243.283582089553
vpd_simhash,1.0,68.0,13628.57142857143
vpd_simhash,1.0,69.0,14005.882352941177
vpd_simhash,1.0,70.0,13578.87323943662
vpd_simhash,1.0,71.0,14270.149253731342
vpd_simhash,1.0,72.0,13868.115942028986
vpd_simhash,1.0,73.0,13802.857142857143
vpd_simhash,1.0,74.0,14371.641791044776
vpd_simhash,1.0,75.0,14241.176470588236
vpd_simhash,1.0,76.0,14288.059701492535
vpd_simhash,1.0,77.0,13844.927536231884
vpd_simhash,1.0,78.0,14138.235294117649
vpd_simhash,1.0,79.0,13923.188405797102
vpd_simhash,1.0,80.0,14305.970149253732
vpd_simhash,1.0,81.0,13997.058823529413
vpd_simhash,1.0,82.0,14563.636363636364
vpd_simhash,1.0,83.0,13882.608695652174
vpd_simhash,1.0,84.0,13833.333333333334
vpd_simhash,1.0,85.0,14085.29411764706
vpd_simhash,1.0,86.0,13785.714285714286
vpd_simhash,1.0,87.0,13714.285714285714
vpd_simhash,1.0,88.0,14323.880597014926
vpd_simhash,1.0,89.0,14148.529411764706
vpd_simhash,1.0,90.0,13989.855072463768
vpd_simhash,1.0,91.0,13050.684931506848
vpd_simhash,1.0,92.0,13446.478873239435
vpd_simhash,1.0,93.0,13197.222222222224
vpd_simhash,1.0,94.0,13387.323943661971
vpd_simhash,1.0,95.0,13516.901408450703
vpd_simhash,1.0,96.0,13594.285714285714
vpd_simhash,1.0,97.0,13972.463768115942
vpd_simhash,1.0,98.0,13562.857142857143
vpd_simhash,1.0,99.0,13577.142857142857
vpd_simhash,2.0,0.0,85.71428571428571
vpd_simhash,2.0,1.0,215.8823529411765
vpd_simhash,2.0,2.0,643.3962264150944
vpd_simhash,2.0,3.0,1175.187969924812
vpd_simhash,2.0,4.0,1465.7534246575342
vpd_simhash,2.0,5.0,1997.3597359735973
vpd_simhash,2.0,6.0,3395.7219251336896
vpd_simhash,2.0,7.0,4475.974025974026
vpd_simhash,2.0,8.0,4643.589743589743
vpd_simhash,2.0,9.0,5678.260869565217
vpd_simhash,2.0,10.0,5937.777777777777
vpd_simhash,2.0,11.0,6812.295081967213
vpd_simhash,2.0,12.0,7707.142857142857
vpd_simhash,2.0,13.0,8615.686274509804
vpd_simhash,2.0,14.0,9408.333333333334
vpd_simhash,2.0,15.0,8972.277227722772
vpd_simhash,2.0,16.0,8713.333333333334
vpd_simhash,2.0,17.0,9728.421052631578
vpd_simhash,2.0,18.0,10300.0
vpd_simhash,2.0,19.0,10108.602150537634
vpd_simhash,2.0,20.0,10777.272727272728
vpd_simhash,2.0,21.0,10237.63440860215
vpd_simhash,2.0,22.0,10345.652173913044
vpd_simhash,2.0,23.0,10417.582417582418
vpd_simhash,2.0,24.0,9978.947368421052
vpd_simhash,2.0,25.0,9969.473684210529
vpd_simhash,2.0,26.0,10321.739130434782
vpd_simhash,2.0,27.0,9839.175257731958
vpd_simhash,2.0,28.0,11008.045977011494
vpd_simhash,2.0,29.0,11724.39024390244
vpd_simhash,2.0,30.0,12182.278481012658
vpd_simhash,2.0,31.0,12710.526315789471
vpd_simhash,2.0,32.0,13379.166666666666
vpd_simhash,2.0,33.0,13369.86301369863
vpd_simhash,2.0,34.0,12618.181818181818
vpd_simhash,2.0,35.0,12483.333333333334
vpd_simhash,2.0,36.0,12519.48051948052
vpd_simhash,2.0,37.0,12505.128205128203
vpd_simhash,2.0,38.0,12753.947368421052
vpd_simhash,2.0,39.0,12958.666666666666
vpd_simhash,2.0,40.0,13312.328767123288
vpd_simhash,2.0,41.0,13086.486486486489
vpd_simhash,2.0,42.0,13615.277777777776
vpd_simhash,2.0,43.0,12800.0
vpd_simhash,2.0,44.0,12705.194805194806
vpd_simhash,2.0,45.0,12972.368421052632
vpd_simhash,2.0,46.0,12172.5
vpd_simhash,2.0,47.0,12302.5
vpd_simhash,2.0,48.0,12610.25641025641
vpd_simhash,2.0,49.0,12587.179487179486
vpd_simhash,2.0,50.0,12910.526315789471
vpd_simhash,2.0,51.0,11778.313253012047
vpd_simhash,2.0,52.0,12408.860759493671
vpd_simhash,2.0,53.0,12070.37037037037
vpd_simhash,2.0,54.0,11902.439024390244
vpd_simhash,2.0,55.0,12176.543209876543
vpd_simhash,2.0,56.0,12738.96103896104
vpd_simhash,2.0,57.0,13090.666666666666
vpd_simhash,2.0,58.0,12742.857142857143
vpd_simhash,2.0,59.0,12367.088607594937
vpd_simhash,2.0,60.0,12952.631578947368
vpd_simhash,2.0,61.0,13026.666666666666
vpd_simhash,2.0,62.0,13052.0
vpd_simhash,2.0,63.0,12561.53846153846
vpd_simhash,2.0,64.0,13222.972972972972
vpd_simhash,2.0,65.0,12793.421052631578
vpd_simhash,2.0,66.0,12393.67088607595
vpd_simhash,2.0,67.0,12619.23076923077
vpd_simhash,2.0,68.0,12430.76923076923
vpd_simhash,2.0,69.0,13004.0
vpd_simhash,2.0,70.0,12923.684210526317
vpd_simhash,2.0,71.0,13267.567567567568
vpd_simhash,2.0,72.0,12478.481012658229
vpd_simhash,2.0,73.0,13546.575342465754
vpd_simhash,2.0,74.0,13916.901408450703
vpd_simhash,2.0,75.0,13645.833333333334
vpd_simhash,2.0,76.0,12944.736842105263
vpd_simhash,2.0,77.0,13280.0
vpd_simhash,2.0,78.0,13130.666666666666
vpd_simhash,2.0,79.0,12351.898734177215
vpd_simhash,2.0,80.0,13047.368421052632
vpd_simhash,2.0,81.0,13120.0
vpd_simhash,2.0,82.0,13317.567567567568
vpd_simhash,2.0,83.0,12250.0
vpd_simhash,2.0,84.0,12651.28205128205
vpd_simhash,2.0,85.0,12238.271604938273
vpd_simhash,2.0,86.0,13178.666666666666
vpd_simhash,2.0,87.0,12646.153846153846
vpd_simhash,2.0,88.0,14035.211267605631
vpd_simhash,2.0,89.0,12056.79012345679
vpd_simhash,2.0,90.0,12195.0
vpd_simhash,2.0,91.0,12819.48051948052
vpd_simhash,2.0,92.0,13594.520547945203
vpd_simhash,2.0,93.0,12569.23076923077
vpd_simhash,2.0,94.0,12701.28205128205
vpd_simhash,2.0,95.0,12427.848101265825
vpd_simhash,2.0,96.0,12728.57142857143
vpd_simhash,2.0,97.0,13098.666666666666
vpd_simhash,2.0,98.0,12569.23076923077
vpd_simhash,2.0,99.0,13146.666666666666
Rainbow,0.0,0.0,57.75193798449613
Rainbow,0.0,1.0,179.8095238095238
Rainbow,0.0,2.0,406.0728744939272
Rainbow,0.0,3.0,597.3799126637555
Rainbow,0.0,4.0,798.8095238095239
Rainbow,0.0,5.0,1001.0989010989013
Rainbow,0.0,6.0,3234.8314606741574
Rainbow,0.0,7.0,5776.521739130435
Rainbow,0.0,8.0,6271.2962962962965
Rainbow,0.0,9.0,4705.755395683454
Rainbow,0.0,10.0,5448.031496062992
Rainbow,0.0,11.0,6168.376068376068
Rainbow,0.0,12.0,6254.621848739495
Rainbow,0.0,13.0,6016.279069767442
Rainbow,0.0,14.0,7696.363636363636
Rainbow,0.0,15.0,7400.877192982456
Rainbow,0.0,16.0,7915.59633027523
Rainbow,0.0,17.0,8790.90909090909
Rainbow,0.0,18.0,8908.247422680412
Rainbow,0.0,19.0,8883.673469387755
Rainbow,0.0,20.0,9335.483870967742
Rainbow,0.0,21.0,9352.68817204301
Rainbow,0.0,22.0,9352.173913043478
Rainbow,0.0,23.0,10288.235294117649
Rainbow,0.0,24.0,10068.60465116279
Rainbow,0.0,25.0,9791.011235955057
Rainbow,0.0,26.0,10457.142857142857
Rainbow,0.0,27.0,10239.53488372093
Rainbow,0.0,28.0,9288.297872340425
Rainbow,0.0,29.0,10309.302325581397
Rainbow,0.0,30.0,10879.518072289156
Rainbow,0.0,31.0,10630.232558139534
Rainbow,0.0,32.0,11334.567901234568
Rainbow,0.0,33.0,10969.87951807229
Rainbow,0.0,34.0,10266.29213483146
Rainbow,0.0,35.0,12513.513513513511
Rainbow,0.0,36.0,11731.645569620254
Rainbow,0.0,37.0,11870.51282051282
Rainbow,0.0,38.0,11022.89156626506
Rainbow,0.0,39.0,11881.012658227848
Rainbow,0.0,40.0,11615.0
Rainbow,0.0,41.0,12031.16883116883
Rainbow,0.0,42.0,11455.555555555557
Rainbow,0.0,43.0,11493.75
Rainbow,0.0,44.0,12434.666666666666
Rainbow,0.0,45.0,12585.135135135137
Rainbow,0.0,46.0,12151.948051948051
Rainbow,0.0,47.0,11980.76923076923
Rainbow,0.0,48.0,12342.105263157897
Rainbow,0.0,49.0,12570.27027027027
Rainbow,0.0,50.0,11779.746835443038
Rainbow,0.0,51.0,11820.51282051282
Rainbow,0.0,52.0,12190.90909090909
Rainbow,0.0,53.0,12514.666666666666
Rainbow,0.0,54.0,12481.333333333334
Rainbow,0.0,55.0,12164.473684210529
Rainbow,0.0,56.0,11815.18987341772
Rainbow,0.0,57.0,12741.891891891892
Rainbow,0.0,58.0,12163.636363636364
Rainbow,0.0,59.0,12687.837837837838
Rainbow,0.0,60.0,12916.438356164384
Rainbow,0.0,61.0,12882.19178082192
Rainbow,0.0,62.0,12202.631578947368
Rainbow,0.0,63.0,12564.0
Rainbow,0.0,64.0,12420.0
Rainbow,0.0,65.0,11988.46153846154
Rainbow,0.0,66.0,12264.473684210529
Rainbow,0.0,67.0,12906.849315068494
Rainbow,0.0,68.0,12856.164383561643
Rainbow,0.0,69.0,11727.848101265825
Rainbow,0.0,70.0,12417.333333333334
Rainbow,0.0,71.0,12332.467532467532
Rainbow,0.0,72.0,12253.246753246753
Rainbow,0.0,73.0,12332.894736842103
Rainbow,0.0,74.0,12589.473684210529
Rainbow,0.0,75.0,12848.648648648648
Rainbow,0.0,76.0,12422.077922077922
Rainbow,0.0,77.0,12532.894736842103
Rainbow,0.0,78.0,12801.333333333334
Rainbow,0.0,79.0,12530.263157894737
Rainbow,0.0,80.0,12535.526315789471
Rainbow,0.0,81.0,12527.631578947368
Rainbow,0.0,82.0,12638.666666666666
Rainbow,0.0,83.0,12639.473684210529
Rainbow,0.0,84.0,12872.972972972972
Rainbow,0.0,85.0,12100.0
Rainbow,0.0,86.0,11968.75
Rainbow,0.0,87.0,12745.333333333334
Rainbow,0.0,88.0,11865.0
Rainbow,0.0,89.0,12642.105263157897
Rainbow,0.0,90.0,12661.842105263158
Rainbow,0.0,91.0,12885.135135135137
Rainbow,0.0,92.0,12280.76923076923
Rainbow,0.0,93.0,12789.333333333334
Rainbow,0.0,94.0,12790.666666666666
Rainbow,0.0,95.0,12748.0
Rainbow,0.0,96.0,12283.333333333334
Rainbow,0.0,97.0,11840.0
Rainbow,0.0,98.0,12505.194805194806
Rainbow,0.0,99.0,13040.54054054054
Rainbow,0.0,0.0,55.922330097087375
Rainbow,0.0,1.0,167.04761904761904
Rainbow,0.0,2.0,368.9108910891089
Rainbow,0.0,3.0,617.7874186550977
Rainbow,0.0,4.0,854.1567695961995
Rainbow,0.0,5.0,1396.9604863221884
Rainbow,0.0,6.0,3668.8622754491016
Rainbow,0.0,7.0,6214.678899082569
Rainbow,0.0,8.0,5596.638655462185
Rainbow,0.0,9.0,7747.826086956522
Rainbow,0.0,10.0,7717.34693877551
Rainbow,0.0,11.0,8264.948453608247
Rainbow,0.0,12.0,9551.136363636364
Rainbow,0.0,13.0,9063.541666666666
Rainbow,0.0,14.0,10502.35294117647
Rainbow,0.0,15.0,11237.5
Rainbow,0.0,16.0,11054.878048780489
Rainbow,0.0,17.0,11598.73417721519
Rainbow,0.0,18.0,11497.46835443038
Rainbow,0.0,19.0,11443.75
Rainbow,0.0,20.0,11206.172839506173
Rainbow,0.0,21.0,11475.0
Rainbow,0.0,22.0,11658.97435897436
Rainbow,0.0,23.0,11867.532467532468
Rainbow,0.0,24.0,12142.666666666666
Rainbow,0.0,25.0,12150.0
Rainbow,0.0,26.0,12063.157894736842
Rainbow,0.0,27.0,11924.675324675323
Rainbow,0.0,28.0,11350.0
Rainbow,0.0,29.0,11801.28205128205
Rainbow,0.0,30.0,12444.594594594597
Rainbow,0.0,31.0,12550.684931506848
Rainbow,0.0,32.0,12410.81081081081
Rainbow,0.0,33.0,11672.151898734175
Rainbow,0.0,34.0,11431.25
Rainbow,0.0,35.0,10588.235294117649
Rainbow,0.0,36.0,10503.488372093025
Rainbow,0.0,37.0,12070.12987012987
Rainbow,0.0,38.0,11412.345679012344
Rainbow,0.0,39.0,12911.111111111111
Rainbow,0.0,40.0,12150.0
Rainbow,0.0,41.0,11632.5
Rainbow,0.0,42.0,11487.5
Rainbow,0.0,43.0,11984.615384615385
Rainbow,0.0,44.0,12729.72972972973
Rainbow,0.0,45.0,12591.891891891892
Rainbow,0.0,46.0,12180.263157894737
Rainbow,0.0,47.0,12342.666666666666
Rainbow,0.0,48.0,12144.155844155845
Rainbow,0.0,49.0,12051.948051948051
Rainbow,0.0,50.0,12931.506849315068
Rainbow,0.0,51.0,12581.333333333334
Rainbow,0.0,52.0,12729.72972972973
Rainbow,0.0,53.0,13022.222222222224
Rainbow,0.0,54.0,12793.150684931506
Rainbow,0.0,55.0,12663.513513513511
Rainbow,0.0,56.0,12513.333333333334
Rainbow,0.0,57.0,12541.333333333334
Rainbow,0.0,58.0,13345.070422535213
Rainbow,0.0,59.0,13200.0
Rainbow,0.0,60.0,12868.493150684932
Rainbow,0.0,61.0,13354.929577464787
Rainbow,0.0,62.0,13086.111111111111
Rainbow,0.0,63.0,13421.12676056338
Rainbow,0.0,64.0,12895.890410958904
Rainbow,0.0,65.0,13044.444444444443
Rainbow,0.0,66.0,13235.211267605631
Rainbow,0.0,67.0,12420.0
Rainbow,0.0,68.0,13498.57142857143
Rainbow,0.0,69.0,13366.197183098591
Rainbow,0.0,70.0,12621.333333333334
Rainbow,0.0,71.0,13179.166666666666
Rainbow,0.0,72.0,12946.575342465754
Rainbow,0.0,73.0,12898.6301369863
Rainbow,0.0,74.0,13253.521126760565
Rainbow,0.0,75.0,13054.166666666666
Rainbow,0.0,76.0,13400.0
Rainbow,0.0,77.0,13339.43661971831
Rainbow,0.0,78.0,13226.76056338028
Rainbow,0.0,79.0,12910.95890410959
Rainbow,0.0,80.0,13810.144927536232
Rainbow,0.0,81.0,13530.0
Rainbow,0.0,82.0,12905.479452054797
Rainbow,0.0,83.0,13158.333333333334
Rainbow,0.0,84.0,12820.54794520548
Rainbow,0.0,85.0,13088.888888888889
Rainbow,0.0,86.0,13159.722222222224
Rainbow,0.0,87.0,12770.27027027027
Rainbow,0.0,88.0,13391.549295774648
Rainbow,0.0,89.0,12733.783783783783
Rainbow,0.0,90.0,12924.657534246577
Rainbow,0.0,91.0,13581.42857142857
Rainbow,0.0,92.0,13246.478873239435
Rainbow,0.0,93.0,13288.732394366198
Rainbow,0.0,94.0,13380.281690140846
Rainbow,0.0,95.0,13359.154929577464
Rainbow,0.0,96.0,13568.57142857143
Rainbow,0.0,97.0,13354.929577464787
Rainbow,0.0,98.0,13158.333333333334
Rainbow,0.0,99.0,13529.577464788732
Rainbow,0.0,0.0,48.63813229571984
Rainbow,0.0,1.0,110.16949152542372
Rainbow,0.0,2.0,254.1198501872659
Rainbow,0.0,3.0,492.02453987730064
Rainbow,0.0,4.0,574.5762711864406
Rainbow,0.0,5.0,598.7068965517242
Rainbow,0.0,6.0,702.2321428571429
Rainbow,0.0,7.0,864.3564356435644
Rainbow,0.0,8.0,1342.814371257485
Rainbow,0.0,9.0,2618.6363636363635
Rainbow,0.0,10.0,4180.519480519481
Rainbow,0.0,11.0,5278.571428571428
Rainbow,0.0,12.0,5282.170542635659
Rainbow,0.0,13.0,5831.666666666667
Rainbow,0.0,14.0,5457.8125
Rainbow,0.0,15.0,6112.295081967213
Rainbow,0.0,16.0,6682.051282051282
Rainbow,0.0,17.0,7494.495412844037
Rainbow,0.0,18.0,9261.290322580646
Rainbow,0.0,19.0,10683.132530120482
Rainbow,0.0,20.0,10422.35294117647
Rainbow,0.0,21.0,10341.86046511628
Rainbow,0.0,22.0,10772.619047619048
Rainbow,0.0,23.0,11238.271604938273
Rainbow,0.0,24.0,13094.3661971831
Rainbow,0.0,25.0,11956.410256410256
Rainbow,0.0,26.0,12632.432432432432
Rainbow,0.0,27.0,12743.243243243243
Rainbow,0.0,28.0,12349.35064935065
Rainbow,0.0,29.0,12585.526315789471
Rainbow,0.0,30.0,12585.526315789471
Rainbow,0.0,31.0,12894.594594594597
Rainbow,0.0,32.0,13106.849315068494
Rainbow,0.0,33.0,13058.108108108108
Rainbow,0.0,34.0,13332.876712328767
Rainbow,0.0,35.0,12734.21052631579
Rainbow,0.0,36.0,13117.80821917808
Rainbow,0.0,37.0,13387.5
Rainbow,0.0,38.0,14198.550724637682
Rainbow,0.0,39.0,13829.577464788732
Rainbow,0.0,40.0,13688.888888888889
Rainbow,0.0,41.0,13501.388888888889
Rainbow,0.0,42.0,13390.410958904107
Rainbow,0.0,43.0,13770.422535211268
Rainbow,0.0,44.0,13601.408450704226
Rainbow,0.0,45.0,13488.888888888889
Rainbow,0.0,46.0,13901.42857142857
Rainbow,0.0,47.0,13657.74647887324
Rainbow,0.0,48.0,13488.888888888889
Rainbow,0.0,49.0,13626.388888888889
Rainbow,0.0,50.0,14080.0
Rainbow,0.0,51.0,14198.550724637682
Rainbow,0.0,52.0,13918.30985915493
Rainbow,0.0,53.0,14456.521739130434
Rainbow,0.0,54.0,13902.81690140845
Rainbow,0.0,55.0,14117.142857142857
Rainbow,0.0,56.0,13832.394366197184
Rainbow,0.0,57.0,14145.714285714286
Rainbow,0.0,58.0,13773.23943661972
Rainbow,0.0,59.0,14185.714285714286
Rainbow,0.0,60.0,13672.222222222224
Rainbow,0.0,61.0,14071.42857142857
Rainbow,0.0,62.0,13908.450704225352
Rainbow,0.0,63.0,13982.857142857143
Rainbow,0.0,64.0,13776.05633802817
Rainbow,0.0,65.0,13784.50704225352
Rainbow,0.0,66.0,13953.521126760565
Rainbow,0.0,67.0,13525.0
Rainbow,0.0,68.0,13905.6338028169
Rainbow,0.0,69.0,14011.42857142857
Rainbow,0.0,70.0,13897.18309859155
Rainbow,0.0,71.0,13812.676056338029
Rainbow,0.0,72.0,13655.555555555557
Rainbow,0.0,73.0,14152.173913043478
Rainbow,0.0,74.0,13883.098591549297
Rainbow,0.0,75.0,13747.887323943662
Rainbow,0.0,76.0,14002.857142857143
Rainbow,0.0,77.0,13854.929577464787
Rainbow,0.0,78.0,13908.450704225352
Rainbow,0.0,79.0,13860.56338028169
Rainbow,0.0,80.0,13780.555555555557
Rainbow,0.0,81.0,13818.30985915493
Rainbow,0.0,82.0,13341.09589041096
Rainbow,0.0,83.0,13880.281690140846
Rainbow,0.0,84.0,13867.605633802816
Rainbow,0.0,85.0,13772.222222222224
Rainbow,0.0,86.0,13887.323943661971
Rainbow,0.0,87.0,13618.055555555557
Rainbow,0.0,88.0,13357.534246575342
Rainbow,0.0,89.0,13655.555555555557
Rainbow,0.0,90.0,13807.042253521127
Rainbow,0.0,91.0,13766.666666666666
Rainbow,0.0,92.0,13821.12676056338
Rainbow,0.0,93.0,13992.857142857143
Rainbow,0.0,94.0,13758.333333333334
Rainbow,0.0,95.0,13929.577464788732
Rainbow,0.0,96.0,13659.722222222224
Rainbow,0.0,97.0,14025.714285714286
Rainbow,0.0,98.0,13718.055555555557
Rainbow,0.0,99.0,14042.857142857143
Rainbow,0.0,0.0,44.4015444015444
Rainbow,0.0,1.0,139.453125
Rainbow,0.0,2.0,304.44015444015446
Rainbow,0.0,3.0,589.4291754756871
Rainbow,0.0,4.0,726.6821345707657
Rainbow,0.0,5.0,1040.66852367688
Rainbow,0.0,6.0,1838.076923076923
Rainbow,0.0,7.0,3288.7640449438204
Rainbow,0.0,8.0,4126.490066225166
Rainbow,0.0,9.0,4660.144927536232
Rainbow,0.0,10.0,3771.515151515152
Rainbow,0.0,11.0,3762.4242424242425
Rainbow,0.0,12.0,3625.0
Rainbow,0.0,13.0,5604.166666666667
Rainbow,0.0,14.0,6032.758620689655
Rainbow,0.0,15.0,6728.3185840707965
Rainbow,0.0,16.0,6723.333333333333
Rainbow,0.0,17.0,7750.0
Rainbow,0.0,18.0,8511.0
Rainbow,0.0,19.0,8693.877551020409
Rainbow,0.0,20.0,10361.176470588236
Rainbow,0.0,21.0,10196.511627906975
Rainbow,0.0,22.0,9934.09090909091
Rainbow,0.0,23.0,9507.52688172043
Rainbow,0.0,24.0,9670.652173913044
Rainbow,0.0,25.0,11688.46153846154
Rainbow,0.0,26.0,11085.5421686747
Rainbow,0.0,27.0,12284.0
Rainbow,0.0,28.0,12070.12987012987
Rainbow,0.0,29.0,11825.641025641024
Rainbow,0.0,30.0,11767.088607594937
Rainbow,0.0,31.0,11170.731707317073
Rainbow,0.0,32.0,11464.197530864198
Rainbow,0.0,33.0,11734.177215189871
Rainbow,0.0,34.0,12022.077922077922
Rainbow,0.0,35.0,11998.7012987013
Rainbow,0.0,36.0,11816.666666666666
Rainbow,0.0,37.0,12311.842105263158
Rainbow,0.0,38.0,12001.2987012987
Rainbow,0.0,39.0,12478.378378378378
Rainbow,0.0,40.0,12157.894736842103
Rainbow,0.0,41.0,12085.714285714286
Rainbow,0.0,42.0,12189.61038961039
Rainbow,0.0,43.0,12724.324324324323
Rainbow,0.0,44.0,12207.792207792209
Rainbow,0.0,45.0,12578.666666666666
Rainbow,0.0,46.0,12486.842105263158
Rainbow,0.0,47.0,12410.526315789471
Rainbow,0.0,48.0,12568.0
Rainbow,0.0,49.0,11972.151898734175
Rainbow,0.0,50.0,12348.051948051949
Rainbow,0.0,51.0,13050.684931506848
Rainbow,0.0,52.0,12381.818181818182
Rainbow,0.0,53.0,12901.351351351352
Rainbow,0.0,54.0,12578.666666666666
Rainbow,0.0,55.0,13098.6301369863
Rainbow,0.0,56.0,12929.72972972973
Rainbow,0.0,57.0,12484.21052631579
Rainbow,0.0,58.0,12706.666666666666
Rainbow,0.0,59.0,12952.702702702703
Rainbow,0.0,60.0,12132.911392405063
Rainbow,0.0,61.0,12514.473684210529
Rainbow,0.0,62.0,12632.894736842103
Rainbow,0.0,63.0,12387.179487179486
Rainbow,0.0,64.0,13560.56338028169
Rainbow,0.0,65.0,13094.594594594597
Rainbow,0.0,66.0,12506.578947368422
Rainbow,0.0,67.0,12406.493506493509
Rainbow,0.0,68.0,12169.23076923077
Rainbow,0.0,69.0,12546.753246753247
Rainbow,0.0,70.0,12449.35064935065
Rainbow,0.0,71.0,11992.5
Rainbow,0.0,72.0,12442.857142857143
Rainbow,0.0,73.0,12586.842105263158
Rainbow,0.0,74.0,12650.0
Rainbow,0.0,75.0,12310.25641025641
Rainbow,0.0,76.0,13102.702702702703
Rainbow,0.0,77.0,13071.621621621622
Rainbow,0.0,78.0,12818.421052631578
Rainbow,0.0,79.0,13137.837837837838
Rainbow,0.0,80.0,12914.666666666666
Rainbow,0.0,81.0,12853.333333333334
Rainbow,0.0,82.0,12631.578947368422
Rainbow,0.0,83.0,13040.54054054054
Rainbow,0.0,84.0,12877.333333333334
Rainbow,0.0,85.0,12793.333333333334
Rainbow,0.0,86.0,12995.945945945949
Rainbow,0.0,87.0,12908.0
Rainbow,0.0,88.0,11958.75
Rainbow,0.0,89.0,13197.260273972604
Rainbow,0.0,90.0,12979.72972972973
Rainbow,0.0,91.0,13334.246575342466
Rainbow,0.0,92.0,13064.864864864863
Rainbow,0.0,93.0,12861.333333333334
Rainbow,0.0,94.0,12812.0
Rainbow,0.0,95.0,12636.842105263158
Rainbow,0.0,96.0,12780.263157894737
Rainbow,0.0,97.0,12333.333333333334
Rainbow,0.0,98.0,12870.666666666666
Rainbow,0.0,99.0,13298.6301369863
Rainbow,0.0,0.0,58.28343313373254
Rainbow,0.0,1.0,171.7996289424861
Rainbow,0.0,2.0,338.5496183206107
Rainbow,0.0,3.0,540.3765690376569
Rainbow,0.0,4.0,855.9610705596107
Rainbow,0.0,5.0,1404.3478260869565
Rainbow,0.0,6.0,3399.4444444444443
Rainbow,0.0,7.0,5120.3125
Rainbow,0.0,8.0,5870.434782608696
Rainbow,0.0,9.0,7776.086956521739
Rainbow,0.0,10.0,6780.733944954129
Rainbow,0.0,11.0,6075.609756097561
Rainbow,0.0,12.0,6931.0344827586205
Rainbow,0.0,13.0,9416.304347826086
Rainbow,0.0,14.0,10009.09090909091
Rainbow,0.0,15.0,10454.651162790698
Rainbow,0.0,16.0,10688.09523809524
Rainbow,0.0,17.0,9206.25
Rainbow,0.0,18.0,11375.0
Rainbow,0.0,19.0,10000.0
Rainbow,0.0,20.0,8595.14563106796
Rainbow,0.0,21.0,9075.510204081633
Rainbow,0.0,22.0,8816.831683168317
Rainbow,0.0,23.0,9124.242424242424
Rainbow,0.0,24.0,9416.666666666666
Rainbow,0.0,25.0,9300.0
Rainbow,0.0,26.0,9651.612903225809
Rainbow,0.0,27.0,10848.809523809525
Rainbow,0.0,28.0,11720.51282051282
Rainbow,0.0,29.0,12269.333333333334
Rainbow,0.0,30.0,12830.555555555557
Rainbow,0.0,31.0,12102.631578947368
Rainbow,0.0,32.0,12427.027027027028
Rainbow,0.0,33.0,12437.837837837838
Rainbow,0.0,34.0,12544.594594594597
Rainbow,0.0,35.0,13001.408450704226
Rainbow,0.0,36.0,12736.986301369863
Rainbow,0.0,37.0,12761.643835616438
Rainbow,0.0,38.0,12370.666666666666
Rainbow,0.0,39.0,13056.944444444443
Rainbow,0.0,40.0,12422.666666666666
Rainbow,0.0,41.0,13246.478873239435
Rainbow,0.0,42.0,12318.421052631578
Rainbow,0.0,43.0,12941.09589041096
Rainbow,0.0,44.0,12448.684210526317
Rainbow,0.0,45.0,12740.54054054054
Rainbow,0.0,46.0,12838.356164383562
Rainbow,0.0,47.0,13056.944444444443
Rainbow,0.0,48.0,12428.0
Rainbow,0.0,49.0,12901.3698630137
Rainbow,0.0,50.0,12571.621621621622
Rainbow,0.0,51.0,11985.714285714286
Rainbow,0.0,52.0,12697.297297297297
Rainbow,0.0,53.0,12564.0
Rainbow,0.0,54.0,12460.0
Rainbow,0.0,55.0,13181.944444444443
Rainbow,0.0,56.0,12658.108108108108
Rainbow,0.0,57.0,12764.864864864863
Rainbow,0.0,58.0,12512.0
Rainbow,0.0,59.0,13447.142857142857
Rainbow,0.0,60.0,12835.616438356165
Rainbow,0.0,61.0,13087.5
Rainbow,0.0,62.0,12805.405405405403
Rainbow,0.0,63.0,13030.13698630137
Rainbow,0.0,64.0,12828.767123287673
Rainbow,0.0,65.0,12846.575342465754
Rainbow,0.0,66.0,12964.383561643835
Rainbow,0.0,67.0,12967.123287671233
Rainbow,0.0,68.0,12741.891891891892
Rainbow,0.0,69.0,13661.42857142857
Rainbow,0.0,70.0,13361.971830985916
Rainbow,0.0,71.0,12234.21052631579
Rainbow,0.0,72.0,12935.616438356165
Rainbow,0.0,73.0,12777.027027027028
Rainbow,0.0,74.0,12751.351351351352
Rainbow,0.0,75.0,12889.04109589041
Rainbow,0.0,76.0,12701.351351351352
Rainbow,0.0,77.0,12839.72602739726
Rainbow,0.0,78.0,13070.833333333334
Rainbow,0.0,79.0,13238.028169014084
Rainbow,0.0,80.0,13154.166666666666
Rainbow,0.0,81.0,12406.666666666666
Rainbow,0.0,82.0,13086.111111111111
Rainbow,0.0,83.0,12546.666666666666
Rainbow,0.0,84.0,13069.444444444443
Rainbow,0.0,85.0,13512.857142857143
Rainbow,0.0,86.0,13109.722222222224
Rainbow,0.0,87.0,13241.666666666666
Rainbow,0.0,88.0,13664.285714285714
Rainbow,0.0,89.0,13012.328767123288
Rainbow,0.0,90.0,12945.205479452055
Rainbow,0.0,91.0,13384.50704225352
Rainbow,0.0,92.0,13168.055555555557
Rainbow,0.0,93.0,12647.297297297297
Rainbow,0.0,94.0,13076.388888888889
Rainbow,0.0,95.0,12924.657534246577
Rainbow,0.0,96.0,12528.0
Rainbow,0.0,97.0,13248.611111111111
Rainbow,0.0,98.0,12293.421052631578
Rainbow,0.0,99.0,13388.732394366198
